{"stats":{"minecraft:picked_up":{"minecraft:sweet_berries":2},"minecraft:custom":{"minecraft:jump":26,"minecraft:time_since_rest":1104,"minecraft:play_one_minute":1104,"minecraft:leave_game":1,"minecraft:sprint_one_cm":5770,"minecraft:damage_taken":10,"minecraft:time_since_death":1104,"minecraft:walk_one_cm":2025,"minecraft:drop":2,"minecraft:fall_one_cm":1229,"minecraft:fly_one_cm":7547},"minecraft:mined":{"minecraft:sand":1},"minecraft:dropped":{"minecraft:sweet_berries":2}},"DataVersion":2586}