{"stats":{"minecraft:custom":{"minecraft:jump":150,"minecraft:time_since_rest":6965,"minecraft:crouch_one_cm":36,"minecraft:play_one_minute":6965,"minecraft:leave_game":1,"minecraft:sprint_one_cm":22299,"minecraft:walk_on_water_one_cm":128,"minecraft:time_since_death":6965,"minecraft:walk_one_cm":6225,"minecraft:sneak_time":173,"minecraft:drop":2,"minecraft:fall_one_cm":2566,"minecraft:fly_one_cm":181625},"minecraft:dropped":{"minecraft:rotten_flesh":1,"pixelmon:oran_berry":1}},"DataVersion":2586}